id,title,description
0057806829,Hayward Executive Airport,slate.com/pede/lobortis/ligula.json
4076654935,Kauhava Airport,dropbox.com/convallis/nulla.aspx
5065886806,Charlotte Amalie Harbor Seaplane Base,jiathis.com/eu/magna/vulputate/luctus/cum/sociis/natoque.xml
0415752744,Acaricuara Airport,illinois.edu/interdum/mauris/non.json
0868107468,Santiago Vila Airport,mac.com/suscipit/a.js
6518352833,Villa Garzón Airport,weibo.com/nec/condimentum/neque/sapien.html
3115719434,Lamen Bay Airport,walmart.com/tincidunt.png
3507810468,Suki Airport,simplemachines.org/nec.jsp
8684750861,Belaya Gora Airport,twitpic.com/aliquet.jsp
0325346836,Pointe Vele Airport,infoseek.co.jp/id/luctus/nec/molestie/sed/justo/pellentesque.jpg
1365130665,Bapi Airstrip,bloomberg.com/in/faucibus/orci/luctus.json
8603004625,Stillwater Regional Airport,yale.edu/nulla/integer/pede/justo/lacinia.aspx
3206742129,Praslin Airport,earthlink.net/tempus/semper.jpg
1287584934,Jiuhuashan Airport,yolasite.com/varius/ut.js
7702011165,M'Vengue El Hadj Omar Bongo Ondimba International Airport,cargocollective.com/maecenas/tincidunt/lacus/at.aspx
8290469756,Fetlar Airport,clickbank.net/porttitor.png
2383362964,Pyay Airport,360.cn/sed.js
8509853118,Columbia County Airport,multiply.com/duis/mattis/egestas/metus/aenean/fermentum/donec.js
6998375921,Port Largo Airport,archive.org/vestibulum/ac/est/lacinia.png
4059020427,Laverton Airport,salon.com/nulla/mollis/molestie/lorem/quisque/ut.aspx
8151122870,Aleknagik / New Airport,netscape.com/phasellus/in/felis/donec.html
3781705781,Cork Airport,shareasale.com/sed/vel/enim/sit/amet/nunc/viverra.json
3683715219,Leonardo da Vinci–Fiumicino Airport,unblog.fr/donec/vitae/nisi.json
5582964827,Pike County-Hatcher Field,tumblr.com/magna/bibendum/imperdiet/nullam/orci/pede/venenatis.xml
8350979321,Takamatsu Airport,auda.org.au/eget/tempus/vel.js
3561396178,Shashi Airport,who.int/eu/tincidunt/in/leo/maecenas.png
6163200764,Pikwitonei Airport,linkedin.com/blandit/mi/in/porttitor/pede/justo.jsp
8225554825,Bhojpur Airport,tiny.cc/consequat/in/consequat/ut/nulla.aspx
1894691644,Kamulai Airport,ftc.gov/laoreet/ut/rhoncus/aliquet/pulvinar/sed/nisl.xml
3326285205,Castlegar/West Kootenay Regional Airport,yale.edu/augue.xml
1702075168,Munda Airport,nature.com/vulputate/nonummy/maecenas.html
8191756412,Melbourne Essendon Airport,msu.edu/ullamcorper.aspx
4466873909,Sovetskiy Airport,dell.com/nullam/porttitor/lacus/at.xml
5147439188,Lime Acres Finsch Mine Airport,about.com/tristique/in/tempus/sit/amet/sem.xml
2323581961,Grundarfjörður Airport,ovh.net/in/lectus/pellentesque/at/nulla.html
7427497767,Bambari Airport,tripod.com/nunc/nisl/duis/bibendum/felis/sed.js
7214040115,Kuini Lavenia Airport,123-reg.co.uk/in/blandit/ultrices.jsp
7962190167,Whiteman Air Force Base,slate.com/ac.jpg
0445403446,Francisco de Sá Carneiro Airport,zimbio.com/quam/a/odio/in/hac/habitasse/platea.jpg
3827254914,Cape Romanzof LRRS Airport,etsy.com/ridiculus/mus/etiam/vel/augue/vestibulum.png
5913372891,Whakatane Airport,ning.com/magna/vestibulum/aliquet/ultrices/erat.aspx
9435346987,Porto Seguro Airport,youku.com/congue/vivamus.json
0364824956,Yuanmou Air Base,geocities.jp/non/mi/integer/ac/neque.js
5376252396,Melinda Airport,businessweek.com/ligula/pellentesque/ultrices/phasellus.jsp
5437187777,Lamen Bay Airport,odnoklassniki.ru/eu.png
7602813316,Lucélia Airport,linkedin.com/ut/mauris/eget/massa/tempor/convallis/nulla.jsp
4019047448,Sultan Azlan Shah Airport,aol.com/dolor/morbi/vel/lectus/in/quam.aspx
5854684993,Wenshan Puzhehei Airport,hubpages.com/pellentesque/quisque/porta/volutpat/erat/quisque.html
8228220634,Tydeo Larre Borges Airport,odnoklassniki.ru/placerat/praesent/blandit/nam/nulla/integer.png
0964260166,Tengchong Tuofeng Airport,bloglovin.com/at/vulputate/vitae/nisl/aenean/lectus.js
5931065806,St Aubin Airport,bloomberg.com/dolor/quis/odio.html
7387171823,Tweed New Haven Airport,jimdo.com/molestie/lorem/quisque/ut.js
9707186259,Fairmont Municipal Airport,gmpg.org/sit/amet/turpis.json
3622967226,Farmington Regional Airport,nifty.com/nulla/suscipit.aspx
5843881040,Ziro Airport,alexa.com/vulputate/vitae/nisl/aenean.json
6776673411,Grajaú Airport,bravesites.com/magna/vestibulum.js
7141114556,Barra Airport,cbslocal.com/vestibulum.jpg
6776250871,Beica Airport,amazon.co.jp/erat/volutpat/in/congue/etiam/justo.xml
4630382801,Lebak Rural Airport,e-recht24.de/lectus/aliquam/sit/amet/diam.js
0796142947,Las Cruces Airport,google.pl/nonummy.html
3692374135,Abel Santamaria Airport,php.net/quis/turpis/eget.json
2743743069,Sakon Nakhon Airport,tripod.com/dapibus.png
3090406780,Keewaywin Airport,cdc.gov/dui/maecenas/tristique.jsp
1947783750,Buritirama Airport,miibeian.gov.cn/vel/augue/vestibulum/ante/ipsum/primis.jsp
7543229684,Komaio Airport,1und1.de/vel/enim/sit/amet/nunc/viverra/dapibus.jpg
2166171133,Bamarni Airport,yahoo.com/vel/accumsan/tellus/nisi.aspx
8127559628,Katanning Airport,reddit.com/convallis/nulla/neque/libero/convallis/eget/eleifend.jsp
9460542433,Capitán FAP Renán Elías Olivera International Airport,elegantthemes.com/at/nulla/suspendisse/potenti.jpg
4689799075,San Matías Airport,ca.gov/leo/odio/condimentum.aspx
5809499252,Guernsey Airport,cbc.ca/cras/non/velit/nec/nisi.html
4347516762,Wollongong Airport,123-reg.co.uk/pulvinar/lobortis/est.xml
9408824393,Lianshulu Airport,google.com/quis/turpis/sed.jpg
4550820055,Lekoni Airport,example.com/ipsum/primis/in.xml
4835105850,Fakahina Airport,networkadvertising.org/mattis/nibh/ligula/nec/sem/duis.aspx
3531837028,Whitsunday Island Airport,earthlink.net/lorem.json
8084767836,Abilene Regional Airport,ameblo.jp/erat/curabitur/gravida/nisi/at/nibh.aspx
8654655860,Cañal Bajo Carlos - Hott Siebert Airport,unc.edu/nonummy/integer/non.png
9686496637,Portage Creek Airport,disqus.com/mattis/nibh/ligula/nec/sem/duis.jpg
1710084278,Wonsan Kalma International Airport,php.net/massa/id/lobortis/convallis.js
9130655552,Matsu Nangan Airport,wiley.com/potenti/nullam/porttitor/lacus/at.html
4880307211,Sharjah International Airport,nasa.gov/nulla.jpg
9875389927,Brookings Regional Airport,icio.us/vulputate/elementum/nullam/varius/nulla.json
7597944411,Greater Portsmouth Regional Airport,drupal.org/rhoncus/mauris/enim/leo/rhoncus.html
3200489642,Sabiha Gökçen International Airport,bbb.org/elementum/in.html
2284201318,Paranaguá Airport,archive.org/mauris/ullamcorper/purus.jsp
8371527853,Fremont Municipal Airport,whitehouse.gov/vestibulum/proin/eu/mi.xml
1825737215,Mabaruma Airport,theguardian.com/non/mi/integer/ac.png
5760071270,Karumba Airport,1688.com/elit/ac/nulla/sed/vel.jsp
0758122438,Touggourt Sidi Madhi Airport,freewebs.com/aliquam/augue/quam.js
1475015933,Banmaw Airport,addtoany.com/suscipit/nulla/elit/ac/nulla/sed.jsp
3910628907,Afore Airstrip,omniture.com/faucibus/accumsan/odio/curabitur.jsp
0280120559,Nulato Airport,odnoklassniki.ru/fermentum/donec.jsp
0499358902,Ouyen Airport,earthlink.net/quam/turpis/adipiscing/lorem/vitae/mattis/nibh.png
8073867478,Penong Airport,craigslist.org/id/pretium/iaculis/diam/erat/fermentum.html
4098100037,Tamarindo Airport,whitehouse.gov/at/velit.js
5097895215,Suria Airport,usnews.com/vel/est/donec/odio/justo/sollicitudin.aspx
3035244243,Bobo Dioulasso Airport,house.gov/primis/in/faucibus/orci/luctus.xml
4117458922,Laurence G Hanscom Field,sphinn.com/vestibulum/sagittis/sapien/cum/sociis.xml
6798067883,Simmons Army Air Field,ask.com/magnis.aspx
8211499401,Nulato Airport,wp.com/amet/erat/nulla/tempus/vivamus/in/felis.aspx
4382542154,Feramin Airport,reuters.com/enim/blandit/mi/in/porttitor/pede.html
7508522621,Damazin Airport,de.vu/id/ornare/imperdiet/sapien/urna/pretium/nisl.aspx
0363630627,Lyon Saint-Exupéry Airport,deviantart.com/orci/luctus.json
8405532080,Kualanamu International Airport,irs.gov/convallis/nunc/proin/at/turpis/a/pede.png
8442192646,Inongo Airport,joomla.org/dictumst/etiam/faucibus/cursus/urna/ut/tellus.png
5617043617,Soummam Airport,bloglovin.com/morbi/porttitor.jpg
3310396304,McCall Municipal Airport,google.ru/vitae/mattis/nibh/ligula/nec/sem/duis.json
5113448389,Lumberton Regional Airport,icio.us/etiam.js
6105397666,Oudtshoorn Airport,arizona.edu/augue/vestibulum/ante/ipsum/primis.html
1587413876,Athens Ben Epps Airport,google.es/et/ultrices/posuere/cubilia.json
4845367521,Vilnius International Airport,google.ca/odio/cras/mi/pede/malesuada/in/imperdiet.json
5965849214,Akunaq Heliport,i2i.jp/porta/volutpat/erat.html
4197294875,Vnukovo International Airport,dedecms.com/libero/non/mattis/pulvinar/nulla.jsp
9967902183,Bagan Airport,google.cn/eget/vulputate/ut/ultrices/vel/augue/vestibulum.jpg
8418617071,Bahir Dar Airport,disqus.com/nulla/tellus/in.js
2396172638,Coldfoot Airport,tumblr.com/volutpat/convallis.png
0107736012,Mogi Mirim Airport,yellowpages.com/nonummy/maecenas/tincidunt/lacus.aspx
3719805948,Aswan International Airport,hp.com/blandit/mi/in/porttitor/pede/justo.html
3618980892,Taloyoak Airport,pen.io/id/justo/sit/amet/sapien.json
2992664448,Sharpe AAF,xinhuanet.com/faucibus/orci/luctus.json
2486094156,Ponta Grossa Airport - Comandante Antonio Amilton Beraldo,ning.com/sem/fusce/consequat/nulla/nisl/nunc.html
4032646619,Lodwar Airport,bluehost.com/potenti.xml
1473383471,Nervino Airport,ihg.com/blandit/lacinia.xml
5310957839,Naval Station Mayport (Admiral David L. Mcdonald Field),timesonline.co.uk/ullamcorper/purus.jpg
7340656731,Del Caribe Santiago Mariño International Airport,eventbrite.com/dignissim.xml
4545315011,Ministro Pistarini International Airport,bluehost.com/justo/sit.jpg
3932311612,Arica Airport,cbslocal.com/vulputate.png
6444125170,Dewadaru - Kemujan Island,ustream.tv/at/nulla/suspendisse/potenti/cras/in/purus.jpg
9728239289,Gusti Syamsir Alam Airport,sogou.com/semper/porta/volutpat/quam/pede/lobortis/ligula.html
0238919307,Corozal Municipal Airport,simplemachines.org/lectus/in/quam/fringilla/rhoncus/mauris.html
5827990477,Bachigualato Federal International Airport,mayoclinic.com/ut/volutpat/sapien/arcu.png
0542017903,Jinzhou Airport,wired.com/consequat/metus.png
6621143591,Bouna Airport,dailymotion.com/lacinia/erat/vestibulum.jpg
6604253104,Carbon County Regional/Buck Davis Field,hao123.com/id/turpis/integer/aliquet/massa/id.jsp
9830384586,José Leonardo Chirinos Airport,harvard.edu/ac/leo/pellentesque/ultrices/mattis.jpg
6094228073,Amado Nervo National Airport,google.ru/dui/maecenas/tristique/est/et/tempus.html
4844448900,Gaziantep International Airport,accuweather.com/blandit.jsp
5262552242,Daup Airport,sbwire.com/dictumst/etiam/faucibus/cursus/urna/ut/tellus.html
6164124727,M'Bigou Airport,shutterfly.com/magna/vulputate.js
4804060065,Mafra Airport,purevolume.com/dui/maecenas/tristique/est.png
7420152918,Cengiz Topel Airport,usda.gov/consequat.jpg
6680988578,May River Airstrip,bigcartel.com/quis/lectus/suspendisse/potenti/in/eleifend.json
5148145684,Grand Canyon West Airport,mayoclinic.com/vestibulum/vestibulum/ante.jpg
6308955612,Stokmarknes Skagen Airport,amazon.co.uk/quisque/erat/eros/viverra/eget.png
4722021473,Resolute Bay Airport,ustream.tv/mauris/non/ligula/pellentesque.html
8290640382,Abaiang Airport,so-net.ne.jp/in/hac/habitasse/platea/dictumst/morbi.js
5705558562,La Cumbre Airport,cam.ac.uk/nonummy/integer/non/velit/donec.json
8047686011,Mendi Airport,jalbum.net/ullamcorper/augue.json
0010935010,Ghriss Airport,meetup.com/in/magna/bibendum/imperdiet.xml
5747791478,Tiko Airport,gnu.org/vulputate/vitae/nisl/aenean/lectus.png
6515709803,Nukus Airport,google.co.jp/proin/eu/mi/nulla/ac.json
1450054137,Zyryanka Airport,istockphoto.com/sed/vestibulum.html
4067379463,Stuart Island Airpark,timesonline.co.uk/odio/condimentum/id.aspx
9857982743,Makung Airport,yahoo.com/dolor/vel.html
5323167114,Bemolanga Airport,cisco.com/nisi/vulputate/nonummy/maecenas.html
3144822752,Capitan Corbeta CA Curbelo International Airport,bravesites.com/at.jpg
8675973640,Cranbrook/Canadian Rockies International Airport,hhs.gov/tellus.jsp
8061008769,Clorinda Airport,dyndns.org/venenatis/tristique/fusce/congue/diam/id/ornare.jpg
7223287640,Kaltag Airport,sohu.com/maecenas/tristique/est/et/tempus/semper/est.json
5872005113,New Ishigaki Airport,networkadvertising.org/duis/aliquam/convallis.html
1362814083,Port Moller Airport,washingtonpost.com/nulla.jpg
3722236126,Cochstedt Airport,geocities.jp/augue.png
4978585120,Fazenda Tucunaré Airport,webs.com/eu/nibh/quisque.html
8619662929,Huacaraje Airport,tinypic.com/dapibus/duis/at/velit/eu/est/congue.html
1842985841,Tioga Municipal Airport,blog.com/nunc/proin/at/turpis/a/pede.js
3387262914,Kaili Airport,icio.us/libero.json
5853848194,Revelstoke Airport,jigsy.com/justo/aliquam/quis/turpis.jpg
8282041807,Khost Airport,seesaa.net/justo.json
9115588319,Tsumeb Airport,mapquest.com/morbi/porttitor.xml
3374829953,Cheyenne Regional Jerry Olson Field,google.pl/at/nibh/in/hac/habitasse/platea.js
8069172614,Ocean Falls Seaplane Base,wired.com/amet/consectetuer/adipiscing/elit/proin/interdum.json
5471157184,Montepuez Airport,about.com/turpis/donec/posuere/metus/vitae/ipsum/aliquam.aspx
4682281372,Gounda Airport,wunderground.com/convallis/tortor/risus/dapibus/augue.xml
6346611380,Daugavpils Intrenational Airport,gov.uk/sit/amet/nulla/quisque/arcu/libero/rutrum.png
5393161735,Chub Cay Airport,123-reg.co.uk/dis/parturient/montes.jpg
8920382034,Wenzhou Longwan International Airport,nydailynews.com/congue/vivamus.json
9035407962,Pompano Beach Airpark,redcross.org/morbi/sem/mauris/laoreet/ut/rhoncus/aliquet.xml
0353258261,Portland Airport,angelfire.com/id/luctus/nec/molestie/sed/justo.html
3827833639,Millicent Airport,who.int/justo/sollicitudin.jsp
2270026284,Lilongwe International Airport,a8.net/sollicitudin/ut.xml
7759916981,Kuri Airport,sciencedaily.com/risus.aspx
8841135719,Vatulele Airport,aboutads.info/rhoncus/sed/vestibulum/sit.json
7209153896,Sir Seretse Khama International Airport,bloomberg.com/molestie.xml
3045714803,Columbia Airport,google.com.au/nullam/orci.js
8582574614,Coeur D'Alene - Pappy Boyington Field,census.gov/integer/aliquet/massa.png
3976568112,Hudsons Hope Airport,msn.com/quis/odio/consequat/varius.jpg
6640267543,Ai-Ais Airport,bloglovin.com/suscipit/a/feugiat.json
2374595994,Columbus Metropolitan Airport,indiatimes.com/pede/libero/quis/orci.jsp
4355976637,Cable Airport,tripod.com/pellentesque/ultrices.png
6236882479,Marmul Airport,virginia.edu/id/massa/id/nisl/venenatis/lacinia/aenean.html
3996127669,De Kooy Airport,npr.org/libero/nullam/sit/amet/turpis.png
4731815169,Owen Roberts International Airport,apple.com/scelerisque/mauris/sit/amet.html
5832767268,Seronera Airport,woothemes.com/odio/porttitor/id.png
2391052286,Harris County Airport,sbwire.com/hac/habitasse/platea/dictumst/aliquam/augue.html
1898920176,Afutara Aerodrome,com.com/cras/pellentesque/volutpat/dui/maecenas/tristique.jpg
4626449751,Carora Airport,telegraph.co.uk/at/turpis/donec/posuere/metus/vitae.js
9965010102,Coen Airport,4shared.com/nam/ultrices/libero/non/mattis.json
1363257285,Sde Dov Airport,ameblo.jp/in/blandit/ultrices.json
9954329307,Gregory Downs Airport,toplist.cz/in.xml
3099395633,Tanda Tula Airport,sitemeter.com/purus/eu/magna/vulputate.jpg
0879111461,Pontes e Lacerda Airport,qq.com/at.png
8921904905,Stung Treng Airport,example.com/molestie/sed/justo.aspx
5357473099,Big Mountain Airport,hud.gov/metus/vitae/ipsum/aliquam.js
9414495339,Jebel Ali Seaplane Base,cpanel.net/integer/ac.json
9767165908,Latrobe Valley Airport,state.gov/pellentesque/at/nulla/suspendisse/potenti/cras/in.xml
8307192366,Uranium City Airport,upenn.edu/molestie/sed/justo/pellentesque/viverra/pede.js
8297399389,Dyess Air Force Base,yale.edu/accumsan/tellus/nisi/eu/orci.aspx
5539426320,Northwest Alabama Regional Airport,simplemachines.org/vestibulum/eget/vulputate/ut/ultrices/vel.aspx
7816924240,M'Vengue El Hadj Omar Bongo Ondimba International Airport,infoseek.co.jp/fringilla/rhoncus/mauris/enim/leo.aspx
8375429716,Holingol Huolinhe Airport,cyberchimps.com/aenean/lectus/pellentesque/eget.png
8542090861,Four Corners Regional Airport,last.fm/vel/accumsan/tellus.jsp
9311085219,Tabas Airport,lycos.com/rhoncus/aliquam/lacus/morbi.jsp
0901929700,General Santos International Airport,berkeley.edu/eu/pede.jpg
9834379102,Imonda Airport,google.co.jp/tristique/in/tempus.json
2729073353,Wonken Airport,rakuten.co.jp/at/velit/vivamus/vel/nulla/eget/eros.jpg
5313983938,Marseille Provence Airport,guardian.co.uk/nibh/in/lectus.json
7670324023,Gobabis Airport,biblegateway.com/ac/lobortis/vel/dapibus.html
8212399346,Las Cruces International Airport,hc360.com/erat/nulla.json
0495667129,Mitiaro Island Airport,rambler.ru/est/donec/odio/justo/sollicitudin/ut.xml
7785124744,Loring International Airport,google.com/rhoncus/aliquet/pulvinar/sed/nisl/nunc/rhoncus.png
9370590331,Norilsk-Alykel Airport,businessinsider.com/odio/consequat/varius.json
1551632322,RAF Lyneham,apple.com/pharetra/magna/vestibulum.aspx
3672716421,Burg Feuerstein Airport,slashdot.org/ultrices.xml
1158490917,Urrao Airport,hp.com/turpis.js
0016944534,Mansfield Lahm Regional Airport,wsj.com/luctus/et/ultrices/posuere/cubilia/curae.aspx
3338193157,Fazenda Bela Vista Airport,indiegogo.com/at/dolor/quis.html
0544923413,Tau Airport,earthlink.net/eget/vulputate/ut.xml
7845648922,Spencer Municipal Airport,businessweek.com/nunc/rhoncus/dui/vel/sem/sed.json
0113911890,Fort Simpson Airport,jigsy.com/justo/maecenas/rhoncus/aliquam/lacus/morbi.jsp
1756610207,Presidente Nicolau Lobato International Airport,house.gov/nec/molestie/sed.jpg
9805260623,Västervik Airport,bloomberg.com/quam/suspendisse.html
7341432756,Misawa Air Base,home.pl/ultrices/posuere.json
7825909801,Turkey Creek Airport,mayoclinic.com/neque/vestibulum/eget/vulputate/ut/ultrices/vel.jsp
3553411783,Sabu-Tardanu Airport,etsy.com/id/consequat/in/consequat.json
0447923501,Tahneta Pass Airport,salon.com/amet/lobortis/sapien.json
1998421139,Ponciano Arriaga International Airport,hc360.com/libero/convallis/eget/eleifend/luctus/ultricies.html
5644001717,Pulau Panjang Airport,independent.co.uk/vestibulum/rutrum/rutrum/neque/aenean/auctor/gravida.jsp
6308619221,Vilo Acuña International Airport,globo.com/justo/maecenas/rhoncus/aliquam/lacus/morbi.jsp
4820518267,Netaji Subhash Chandra Bose International Airport,tuttocitta.it/aliquam.jsp
6503843585,Galway Airport,vkontakte.ru/odio/porttitor/id/consequat/in/consequat.js
6878625513,Aur Island Airport,vistaprint.com/platea/dictumst/etiam/faucibus/cursus/urna.jpg
9208305074,Pakhokku Airport,scribd.com/elementum/eu/interdum/eu/tincidunt/in.png
3465767179,Dover Air Force Base,ow.ly/non/interdum/in/ante/vestibulum/ante/ipsum.aspx
6389046065,Shamshernagar Airport,yahoo.co.jp/sapien/a/libero/nam/dui/proin.aspx
3609223766,Grozny North Airport,ning.com/orci/mauris.jpg
6395661426,Morristown Municipal Airport,bravesites.com/id.jpg
8982206051,Jacksonville Naval Air Station (Towers Field),istockphoto.com/tincidunt/in/leo/maecenas/pulvinar.json
8416712212,Cakung Airport,digg.com/cras/non/velit/nec/nisi/vulputate/nonummy.png
5034309556,Rouyn Noranda Airport,bbb.org/posuere/cubilia/curae/donec/pharetra.html
0065315995,Bhuj Airport,nature.com/venenatis/turpis/enim/blandit/mi/in/porttitor.jpg
4819722700,Iki Airport,businessweek.com/lobortis/sapien/sapien/non.jsp
3043771931,Amarais Airport,statcounter.com/adipiscing/molestie/hendrerit/at/vulputate.jpg
0627122779,Ixtepec Airport,etsy.com/vulputate.js
7268429398,Roswell International Air Center Airport,newyorker.com/proin/at/turpis/a/pede/posuere.html
3213288802,Castaway Island Seaplane Base,pinterest.com/nunc.xml
9007737570,Bolling Air Force Base,sciencedirect.com/quis/orci.jsp
0670736228,Hazyview Airport,ft.com/quisque/erat/eros/viverra/eget.json
5389469763,Cushing Municipal Airport,pcworld.com/erat/fermentum.html
7131736023,Saint-Étienne-Bouthéon Airport,yale.edu/vulputate/nonummy/maecenas/tincidunt/lacus.jpg
4477675488,Khan Jahan Ali Airport,simplemachines.org/non/quam/nec/dui/luctus.jpg
3554622435,Shay Gap Airport,istockphoto.com/aliquam/convallis/nunc.js
5676338172,Chaudhary Charan Singh International Airport,eventbrite.com/et/magnis/dis/parturient/montes.json
3765339164,Emalamo Sanana Airport,t.co/pellentesque/eget/nunc.jsp
6393620749,Mercer County Airport,lycos.com/est/et/tempus/semper/est/quam.aspx
4648883888,Rarotonga International Airport,cafepress.com/id/consequat/in/consequat.js
1693909553,Xavantina Airport,issuu.com/orci/eget/orci/vehicula.jpg
8843121898,Lekana Airport,paginegialle.it/diam/in/magna/bibendum.jsp
9662585281,Phillips Army Air Field,illinois.edu/massa/tempor/convallis.xml
3461805246,Eirunepé Airport,home.pl/non/lectus/aliquam/sit/amet.png
1090887507,Chico Municipal Airport,miibeian.gov.cn/amet/nulla/quisque/arcu/libero/rutrum.json
9246309812,Debra Marcos Airport,163.com/ipsum/praesent/blandit/lacinia/erat/vestibulum/sed.js
1678531359,Ciudad Constitución Airport,studiopress.com/in/eleifend/quam/a/odio/in.jsp
5452631682,Bandaranaike International Colombo Airport,infoseek.co.jp/integer/ac/leo/pellentesque/ultrices.xml
5372304146,Ljubljana Jože Pučnik Airport,com.com/maecenas/tristique.png
0483906220,Sir Seewoosagur Ramgoolam International Airport,nature.com/sem/fusce.json
7505712624,Barcelona International Airport,shutterfly.com/ipsum/aliquam/non/mauris/morbi.jpg
6717570350,Haliwen Airport,ox.ac.uk/quam/nec/dui/luctus/rutrum/nulla/tellus.xml
2307588868,Vladivostok International Airport,wp.com/varius/nulla/facilisi/cras/non/velit.jpg
9991660828,Hattiesburg Laurel Regional Airport,hostgator.com/dapibus/augue.json
0514725230,Xuzhou Guanyin Airport,ameblo.jp/enim/blandit/mi/in/porttitor/pede.html
8139940968,Ye Airport,sciencedirect.com/integer/aliquet/massa/id/lobortis/convallis.aspx
1302739328,Naracoorte Airport,house.gov/pellentesque/volutpat/dui/maecenas.png
3010100272,Wonsan Kalma International Airport,cafepress.com/in/consequat/ut/nulla.js
6304422393,Resende Airport,example.com/erat/quisque/erat/eros.js
4548810943,Luzhou Airport,edublogs.org/mi/in/porttitor/pede/justo.jpg
0656015284,Mayajigua Airport,buzzfeed.com/ut/odio.xml
1945713402,Greater Moncton International Airport,bing.com/aliquet.xml
7147926536,Kibuli Airstrip,unblog.fr/et/ultrices/posuere/cubilia/curae.png
7862681959,La Esperanza Airport,weather.com/nisi.jsp
3923702809,Shinyanga Airport,netlog.com/duis.js
8166383314,Wagethe Airport,apache.org/est.aspx
2626852112,Pocatello Regional Airport,wisc.edu/posuere/cubilia/curae/nulla/dapibus/dolor.xml
7453415888,Yasawa Island Airport,google.pl/vel/accumsan/tellus/nisi/eu.aspx
4192864924,Khost Airport,bloomberg.com/posuere/metus/vitae/ipsum/aliquam/non/mauris.json
0590256475,Chokurdakh Airport,marriott.com/gravida/sem/praesent/id/massa/id.xml
7349864264,Murray Island Airport,baidu.com/erat/curabitur/gravida/nisi/at.jpg
1521684987,Kenema Airport,wsj.com/eros/suspendisse/accumsan/tortor/quis/turpis.html
0062497324,Sola Airport,feedburner.com/semper/est/quam/pharetra/magna.xml
5654417614,Bauru - Arealva Airport,liveinternet.ru/faucibus/orci/luctus/et.jsp
8089477461,La Guardia Airport,pbs.org/quis/turpis/eget.xml
9779652418,Malindi Airport,ibm.com/libero/non/mattis/pulvinar/nulla/pede.html
9067424056,Queen Beatrix International Airport,ca.gov/turpis/adipiscing/lorem/vitae.png
3192219521,Alroy Downs Airport,marriott.com/volutpat/sapien/arcu/sed/augue/aliquam.json
2000327699,Savannah Hilton Head International Airport,bbc.co.uk/at/lorem/integer/tincidunt/ante/vel/ipsum.jpg
1595489029,Kiman Airport,php.net/dignissim/vestibulum/vestibulum/ante/ipsum/primis/in.xml
4973656739,Merimbula Airport,yale.edu/amet/consectetuer/adipiscing/elit/proin/interdum/mauris.js
1671330145,Wokal Field Glasgow International Airport,altervista.org/in/imperdiet/et/commodo/vulputate/justo.html
3188935501,West Houston Airport,over-blog.com/ante/ipsum/primis/in/faucibus.html
7064572249,Port Mcneill Airport,jiathis.com/lobortis/vel/dapibus/at/diam/nam/tristique.jsp
4436842983,Dickinson Theodore Roosevelt Regional Airport,photobucket.com/vel/nulla.js
5178778618,Buffalo Range Airport,irs.gov/potenti/in/eleifend.js
7006721032,Viru Harbour Airstrip,goo.ne.jp/turpis/elementum/ligula.jsp
9704953860,Leopoldina Airport,youtube.com/neque/vestibulum/eget/vulputate/ut.xml
0168947641,Wright-Patterson Air Force Base,g.co/eu/felis/fusce.html
9800153594,RAF Leuchars,ftc.gov/massa/volutpat.jpg
1189512513,Mapua(Mabua) Airport,amazonaws.com/nisi/vulputate/nonummy/maecenas/tincidunt/lacus.jsp
0430956797,Arnold Palmer Regional Airport,skype.com/nam/congue/risus/semper.js
2981453394,Croker Island Airport,stanford.edu/dapibus/nulla/suscipit/ligula/in/lacus.xml
6522040336,Long Seridan Airport,chronoengine.com/nunc/donec/quis/orci.json
8281756489,Maun Airport,weather.com/ac/nibh/fusce/lacus/purus/aliquet.js
1275083161,Durango La Plata County Airport,facebook.com/quam/turpis/adipiscing.html
3148295803,Teniente Benjamin Matienzo Airport,google.ru/ut/massa/volutpat.jsp
5098760526,Cheikh Larbi Tébessi Airport,census.gov/vestibulum.xml
5620698491,Cheboksary Airport,ucsd.edu/platea/dictumst/maecenas.xml
6957152235,Foula Airfield,odnoklassniki.ru/ipsum.jsp
3192468017,Petawawa Airport,tiny.cc/ac/leo.jsp
2604165163,Andizhan Airport,imgur.com/mauris/lacinia/sapien/quis/libero/nullam/sit.xml
4884750888,Búðardalur Airport,earthlink.net/quam/turpis/adipiscing/lorem/vitae/mattis/nibh.aspx
1402706022,Greenville Downtown Airport,reverbnation.com/nisl/venenatis/lacinia/aenean/sit.json
6853241673,Ibo Airport,mozilla.com/ac/leo/pellentesque/ultrices.jsp
7701319964,Tte. Julio Gallardo Airport,opensource.org/molestie/lorem/quisque/ut/erat/curabitur/gravida.js
4756443052,Taszár Air Base,redcross.org/lacinia/erat/vestibulum.aspx
2902876866,Wiscasset Airport,msu.edu/tortor/duis/mattis/egestas/metus/aenean/fermentum.xml
0087065754,Tucupita Airport,marriott.com/eros/suspendisse/accumsan.xml
3759908578,Amery Municipal Airport,mail.ru/eget/eros.png
6738497369,Albertus Airport,foxnews.com/aliquet/at.js
6973146996,Tobago-Crown Point Airport,etsy.com/libero/quis/orci/nullam/molestie.aspx
2394332271,Elazığ Airport,privacy.gov.au/nulla/sed/accumsan/felis/ut.png
9820781469,Mangla Airport,feedburner.com/suspendisse/ornare.json
7065296350,Red Dog Airport,hao123.com/pede/malesuada/in/imperdiet.js
8671925242,Pickens County Airport,paypal.com/turpis.jpg
9140586065,Madison Municipal Airport,google.cn/quisque/ut/erat/curabitur.jpg
8338368571,Brunswick Executive Airport,java.com/varius/integer/ac/leo/pellentesque.jpg
2176866533,Philadelphia Seaplane Base,unc.edu/sed/lacus.json
1807656160,Ouvéa Airport,toplist.cz/ultrices/mattis/odio/donec/vitae.jsp
8529636546,Chuathbaluk Airport,cornell.edu/donec/ut/mauris/eget.js
3646054581,Leeuwarden Air Base,gmpg.org/ultrices/posuere/cubilia/curae/mauris.jsp
9227349898,Jwaneng Airport,weebly.com/a/feugiat/et/eros.jsp
7890874774,Taguatinga Airport,senate.gov/lacinia.json
3276670755,Yorketown Airport,boston.com/eu/mi/nulla.jpg
1649796412,Terapo Airport,java.com/in/hac/habitasse/platea.xml
5836039992,Worcester Regional Airport,cmu.edu/metus/vitae/ipsum.html
8003249449,Velikiy Ustyug Airport,weather.com/nisl.xml
1718950136,Doha International Airport,meetup.com/duis.json
4186136688,Lahad Datu Airport,slashdot.org/maecenas/tincidunt/lacus/at.jpg
4391288915,Qianjiang Wulingshan Airport,phoca.cz/natoque.png
1968668284,Kyle Oakley Field,histats.com/neque/libero/convallis/eget/eleifend/luctus/ultricies.html
8242991588,Bendigo Airport,rakuten.co.jp/elementum/ligula/vehicula.json
9528095399,Limon Municipal Airport,smugmug.com/nibh/in/quis/justo/maecenas.xml
7820984104,EL Real Airport,constantcontact.com/erat.json
9065161961,Lutselk'e Airport,oaic.gov.au/volutpat.png
8948160559,Undara Airport,blogs.com/tellus/semper/interdum/mauris/ullamcorper/purus.jsp
8184111665,Shigatse Air Base,about.com/rhoncus/aliquam/lacus/morbi/quis/tortor.jsp
3379137618,Mornington Island Airport,google.cn/leo.jpg
9889617641,Krasnoselkup Airport,mtv.com/felis/sed/interdum.xml
5473021948,Robinvale Airport,delicious.com/nulla/integer.aspx
4754280776,Ed Carlson Memorial Field South Lewis County Airport,addtoany.com/blandit/ultrices/enim/lorem.png
3939463124,Telida Airport,amazon.com/vitae/mattis.js
5734192252,Nikolayevsk-na-Amure Airport,umn.edu/in/hac/habitasse/platea/dictumst/aliquam/augue.png
5887712198,Sóc Trăng Airport,plala.or.jp/at.jsp
5054684581,Hazleton Municipal Airport,yandex.ru/duis/aliquam/convallis/nunc/proin/at.json
2161052799,Cauquira Airport,mit.edu/donec/pharetra.jsp
4770401450,Laurence G Hanscom Field,google.com/eget/eleifend/luctus/ultricies/eu.xml
2637819995,Lissadell Airport,blog.com/luctus/et/ultrices/posuere/cubilia/curae/mauris.jpg
3079205030,Shaw River Airport,samsung.com/ac.js
9275202656,Ali-Sabieh Airport,boston.com/et/commodo/vulputate/justo/in.html
4033042059,Batagay Airport,bbb.org/molestie.json
9480549522,Dubrovnik Airport,bing.com/quam/pede/lobortis/ligula/sit/amet.js
0385262949,Hamburg Airport,edublogs.org/mi/sit.aspx
9590823483,Gallup Municipal Airport,cdbaby.com/at/diam/nam/tristique/tortor/eu.aspx
5539654358,Springfield-Beckley Municipal Airport,washingtonpost.com/ullamcorper/augue/a/suscipit.xml
9841118483,Tulita Airport,cnet.com/ligula.js
4815471886,Bettles Airport,domainmarket.com/in/quis/justo/maecenas/rhoncus.png
2474110356,Guari Airport,youtu.be/eu/est/congue/elementum/in/hac/habitasse.aspx
8625488714,Spokane International Airport,dion.ne.jp/hac/habitasse/platea/dictumst.js
9156848765,Yeysk Airport,stumbleupon.com/cubilia.xml
5705543174,Ibiza Airport,mediafire.com/curabitur/convallis/duis/consequat/dui.xml
7613923614,Alexandria Homestead Airport,prweb.com/habitasse.jsp
5132450032,Tubuai Airport,adobe.com/sem/fusce/consequat/nulla/nisl/nunc.jpg
9037348203,Brochet Airport,wufoo.com/vestibulum/sagittis/sapien/cum/sociis/natoque.aspx
9990592594,Lanai Airport,wikimedia.org/montes/nascetur/ridiculus/mus/vivamus/vestibulum/sagittis.js
5426942161,Komatsu Airport,people.com.cn/eget/eleifend/luctus/ultricies/eu.json
6491367517,Kerau Airport,google.co.jp/quam/turpis.jsp
4135722776,Port Graham Airport,mediafire.com/et/magnis/dis/parturient/montes/nascetur/ridiculus.html
1348199865,Værøy Heliport,globo.com/ac/tellus/semper/interdum/mauris.js
5534420154,Kalokol Airport,youtu.be/donec/ut/dolor/morbi/vel/lectus.xml
6967440160,Álamos Airport,mediafire.com/dictumst/etiam.xml
2142964834,Rosecrans Memorial Airport,godaddy.com/magna/vestibulum/aliquet/ultrices/erat.jsp
9007083163,Inishmore Aerodrome,state.tx.us/eget/eros/elementum/pellentesque/quisque.aspx
9619875206,Valcheta Airport,bing.com/dignissim/vestibulum.json
8437575656,Mende-Brenoux Airfield,discovery.com/tempus/semper/est/quam/pharetra/magna.aspx
8335848068,Salamanca Airport,constantcontact.com/nulla/ac.png
2802621750,Sendai Airport,wix.com/ridiculus/mus/vivamus/vestibulum.js
0471726648,Kars Airport,globo.com/habitasse/platea/dictumst/aliquam/augue.xml
6829736420,Cabo 1° Juan Román Airport,bloomberg.com/non/ligula/pellentesque/ultrices.png
6086437203,General Rafael Buelna International Airport,ifeng.com/ante/ipsum/primis.aspx
7765981528,Loring International Airport,businessinsider.com/sed/vestibulum/sit/amet/cursus.json
1437707688,El Bayadh Airport,creativecommons.org/in/hac/habitasse.jsp
2321819634,Ficksburg Sentraoes Airport,privacy.gov.au/arcu.jsp
2540901492,Monroe County Airport,theglobeandmail.com/faucibus/accumsan/odio/curabitur.html
5479894188,Salina Gunnison Airport,google.co.uk/tincidunt/ante/vel/ipsum/praesent/blandit.png
0985828803,Carnarvon Airport,cnn.com/adipiscing/elit.png
3787593926,Letterkenny Airport,cbslocal.com/cubilia/curae/mauris/viverra/diam/vitae.xml
1607873184,Kitoi Bay Seaplane Base,webs.com/a/libero/nam.jsp
0734636547,Tupile Airport,japanpost.jp/nec/euismod.jpg
1722427841,Bemidji Regional Airport,disqus.com/nibh/ligula/nec/sem/duis.json
9232279797,Philadelphia International Airport,nasa.gov/sed/vel.aspx
6257064279,Al Najaf International Airport,privacy.gov.au/integer.png
3019849152,Eleftherios Venizelos International Airport,creativecommons.org/in/tempor/turpis/nec.json
6633606095,Utirik Airport,nature.com/aenean/lectus/pellentesque/eget/nunc.html
2829920163,Unalakleet Airport,t-online.de/odio/donec/vitae/nisi.html
9303362314,Dillon County Airport,aol.com/dolor/vel/est/donec/odio/justo.js
8308937756,Wana Airport,unesco.org/quam/pede/lobortis/ligula.jsp
9274059981,Noatak Airport,imdb.com/hac/habitasse/platea/dictumst/maecenas.js
5300497193,Northwest Alabama Regional Airport,tinypic.com/in/hac/habitasse/platea/dictumst/maecenas/ut.jsp
5445397432,Bachigualato Federal International Airport,xrea.com/consequat.jpg
1564636828,El Bolson Airport,fda.gov/morbi/non/quam/nec/dui.js
6420528585,Nanki Shirahama Airport,ycombinator.com/suscipit/a/feugiat/et/eros.json
0250695227,Culberson County Airport,ebay.co.uk/quam.jpg
0532209923,Walter J. Koladza Airport,360.cn/nisi/nam/ultrices.jpg
2807683169,Lafayette Regional Airport,icq.com/tempor/convallis/nulla/neque/libero/convallis/eget.js
0949014281,Namlea Airport,blinklist.com/curabitur/convallis.xml
6572228126,Akron Canton Regional Airport,ucoz.ru/eu/est/congue/elementum.aspx
3677694256,Abdul Rachman Saleh Airport,irs.gov/sociis/natoque/penatibus/et/magnis.jsp
9191162556,Circle City /New/ Airport,feedburner.com/justo/etiam.xml
9626437138,Cardiff International Airport,geocities.jp/natoque/penatibus/et/magnis/dis.json
9400877323,RAF Benson,google.fr/gravida/sem/praesent/id/massa/id.aspx
3154026134,Alashankou Bole (Bortala) airport,github.com/augue/quam/sollicitudin/vitae/consectetuer/eget/rutrum.json
4543756266,Warder Airport,ebay.com/scelerisque/mauris/sit/amet/eros.jpg
6254343355,Gisenyi Airport,yolasite.com/leo/pellentesque/ultrices.json
6149849783,Pattani Airport,ask.com/eget/orci.png
5065449120,McMinn County Airport,blinklist.com/mi/sit/amet/lobortis/sapien.json
2409716091,Jordan Airport,cnn.com/quis/orci/eget/orci.jpg
5481683288,Lengpui Airport,uol.com.br/lectus/suspendisse/potenti/in/eleifend/quam/a.js
0570067685,Spartanburg Downtown Memorial Airport,npr.org/curae.aspx
7407131597,Gan International Airport,imgur.com/dolor.jpg
9935600823,Igrim Airport,discuz.net/consequat/varius.png
7834019449,Merimbula Airport,huffingtonpost.com/tincidunt/eu/felis.jsp
9519126147,Tangalooma Airport,weibo.com/quam.html
7227733777,New Laura Airport,answers.com/bibendum/morbi/non/quam.xml
8354273245,Pangnirtung Airport,amazon.com/vestibulum/ante/ipsum/primis.xml
5722813702,Awang Airport,stumbleupon.com/turpis/donec.xml
3627464524,Dorunda Airport,illinois.edu/tincidunt/in.jsp
7379395696,Deer Lake Airport,unicef.org/interdum.js
1206100818,Mururoa Atoll Airport,mozilla.org/vitae.json
6397346579,Dillingham Airfield,stumbleupon.com/nunc/viverra/dapibus.json
5378809924,Louis Armstrong New Orleans International Airport,aboutads.info/primis.png
1554873258,Kiffa Airport,wix.com/nibh/quisque/id/justo.js
4463372917,Tofino / Long Beach Airport,economist.com/odio/condimentum.json
1903716160,Værøy Heliport,kickstarter.com/est/et/tempus/semper/est.aspx
9415394323,Keisah Airport,cnet.com/justo.js
1630541850,Godman Army Air Field,weather.com/penatibus/et/magnis.jsp
8711493054,Juan Casiano Airport,chicagotribune.com/vestibulum/ac/est.jsp
3639021002,Pensacola Regional Airport,gizmodo.com/vestibulum/sagittis/sapien.json
3514476063,Yellowstone Regional Airport,newyorker.com/ligula/suspendisse/ornare/consequat.js
6611350950,Votuporanga Airport,unblog.fr/lectus/aliquam/sit/amet.json
4948508055,Mackall Army Air Field,salon.com/magna/vulputate/luctus/cum/sociis.html
0144669102,Vista Field,parallels.com/mattis/pulvinar/nulla/pede/ullamcorper/augue/a.aspx
5728062938,Grand Marais Cook County Airport,1688.com/pharetra.xml
7792045617,Vejrø,domainmarket.com/quis/justo/maecenas/rhoncus/aliquam.html
7567092158,Charles de Gaulle International Airport,earthlink.net/nisl.aspx
9206563149,Phoenix Sky Harbor International Airport,ezinearticles.com/suscipit/a/feugiat.jsp
5296060237,Yacuiba Airport,intel.com/adipiscing.xml
5967524932,Kunming Changshui International Airport,discovery.com/dignissim/vestibulum.js
3164960255,Lengbati Airport,rambler.ru/curae/donec/pharetra.json
9188591565,Amanab Airport,shutterfly.com/in/hac/habitasse/platea.json
6066847627,Capital City Airport,ucla.edu/nulla/pede/ullamcorper/augue.jsp
4927545296,Birmingham International Airport,squarespace.com/donec/posuere/metus/vitae/ipsum/aliquam.jpg
8781799438,Kharkhorin Airport,mysql.com/ipsum/primis/in/faucibus/orci/luctus/et.json
3114988059,Vandenberg Air Force Base,tinypic.com/turpis/sed/ante/vivamus/tortor/duis.json
9537191699,Santa Cruz Island Airport,slideshare.net/ipsum/dolor/sit.jsp
6551741290,George Airport,ameblo.jp/erat.png
8771124187,Windarra Airport,cargocollective.com/at.png
3865404677,Sila Airport,nasa.gov/vestibulum/ante/ipsum/primis.png
7802755735,Skiathos Island National Airport,phpbb.com/sociis/natoque/penatibus.png
3787747648,Tromsø Airport,tumblr.com/vitae/mattis/nibh/ligula.png
8828215356,Port Largo Airport,usnews.com/purus/aliquet.js
2096542723,Indulkana Airport,homestead.com/ante/ipsum/primis/in/faucibus/orci/luctus.aspx
8585150874,Keflavik International Airport,diigo.com/nulla.js
4487896282,Svolvær Helle Airport,seattletimes.com/vel/pede/morbi.aspx
3097453156,Daşoguz Airport,hugedomains.com/sem/sed/sagittis/nam/congue/risus.xml
7505569023,Ottawa / Rockcliffe Airport,blogtalkradio.com/tellus/nulla/ut/erat/id/mauris.js
3001935723,Capanda Airport,jigsy.com/vel/ipsum/praesent/blandit.aspx
2358400912,Guerrero Negro Airport,wufoo.com/non/quam/nec/dui.json
4921490171,Sawyer International Airport,weibo.com/nunc/donec.png
8511452540,Millicent Airport,ca.gov/ultrices/posuere/cubilia/curae.jsp
9742326525,Cheddi Jagan International Airport,yale.edu/est/risus.aspx
9078121122,Moyo Airport,google.com/turpis/donec/posuere/metus.aspx
7619059954,Alligandi Airport,feedburner.com/id/consequat/in/consequat.jsp
1319067204,Bria Airport,squarespace.com/magnis/dis/parturient/montes/nascetur/ridiculus.js
